{
  "project_info": {
    "project_number": "165791862463",
    "firebase_url": "https://stockerz.firebaseio.com",
    "project_id": "stockerz",
    "storage_bucket": "stockerz.appspot.com"
  },
  "client": [
    {
      "client_info": {
        "mobilesdk_app_id": "1:165791862463:android:c24e97e877a57cce74800a",
        "android_client_info": {
          "package_name": "com.rajaprasath.stockerz"
        }
      },
      "oauth_client": [
        {
          "client_id": "165791862463-mmt2ip37vpk6g9jjso9bbmurlcupafqd.apps.googleusercontent.com",
          "client_type": 1,
          "android_info": {
            "package_name": "com.rajaprasath.stockerz",
            "certificate_hash": "e476e328eee5113193ab67684b8bf24f3075a718"
          }
        },
        {
          "client_id": "165791862463-roqegs4qtqocffq0p7i4uirpg1cp90j0.apps.googleusercontent.com",
          "client_type": 3
        }
      ],
      "api_key": [
        {
          "current_key": "AIzaSyDSsoxVsaDM6W6s9VByaCUNTFz0d0vjtco"
        }
      ],
      "services": {
        "appinvite_service": {
          "other_platform_oauth_client": [
            {
              "client_id": "165791862463-roqegs4qtqocffq0p7i4uirpg1cp90j0.apps.googleusercontent.com",
              "client_type": 3
            }
          ]
        }
      }
    }
  ],
  "configuration_version": "1"
}